[
{
    "model": "expo.department",
    "pk": 1,
    "fields": {
        "name": "Aerospace Engineering",
        "abbreviation": "AE"
    }
},
{
    "model": "expo.department",
    "pk": 2,
    "fields": {
        "name": "Biomedical Engineering",
        "abbreviation": "BME"
    }
},
{
    "model": "expo.department",
    "pk": 3,
    "fields": {
        "name": "Civil & Environmental Engineering",
        "abbreviation": "CEE"
    }
},
{
    "model": "expo.department",
    "pk": 5,
    "fields": {
        "name": "Electrical & Computer Engineering",
        "abbreviation": "ECE"
    }
},
{
    "model": "expo.department",
    "pk": 7,
    "fields": {
        "name": "Industrial Design & Mechanical Engineering",
        "abbreviation": "ID/ME"
    }
},
{
    "model": "expo.department",
    "pk": 8,
    "fields": {
        "name": "Industrial and Systems Engineering",
        "abbreviation": "ISYE"
    }
},
{
    "model": "expo.department",
    "pk": 9,
    "fields": {
        "name": "Mechanical Engineering",
        "abbreviation": "ME"
    }
},
{
    "model": "expo.department",
    "pk": 10,
    "fields": {
        "name": "Materials Science and Engineering",
        "abbreviation": "MSE"
    }
},
{
    "model": "expo.department",
    "pk": 11,
    "fields": {
        "name": "Nuclear and Radiological Engineering",
        "abbreviation": "NRE"
    }
},
{
    "model": "expo.department",
    "pk": 12,
    "fields": {
        "name": "Public Policy",
        "abbreviation": "PUBP"
    }
},
{
    "model": "expo.department",
    "pk": 13,
    "fields": {
        "name": "Interdisciplinary",
        "abbreviation": "INTER"
    }
},
{
    "model": "expo.department",
    "pk": 14,
    "fields": {
        "name": "Architecture",
        "abbreviation": "ARCH"
    }
}
]
