[
{
    "model": "expo.expo",
    "pk": 1,
    "fields": {
        "year": "2016",
        "term": "spring",
        "is_current": false,
        "date": "2016-07-20",
        "registration_start": "2016-04-23T03:59:09Z",
        "registration_deadline": "2016-04-01T03:59:59Z",
        "team_registration_link": "https://www.eventbrite.com/e/summer-2016-georgia-tech-capstone-design-expo-registration-26071058237",
        "eventbrite_team_id": null,
        "team_checkin_start": "2016-04-26T11:34:03Z",
        "team_checkin_end": "2016-04-26T11:33:58Z",
        "allow_judge_check_in": true,
        "judging_start": "2016-04-26T11:32:23Z",
        "judging_close": "2016-04-26T11:32:17Z",
        "judge_registration_link": null,
        "eventbrite_judge_id": null,
        "judge_group_size": 1
    }
},
{
    "model": "expo.expo",
    "pk": 2,
    "fields": {
        "year": "2016",
        "term": "summer",
        "is_current": false,
        "date": "2016-07-26",
        "registration_start": "2016-06-01T10:00:00Z",
        "registration_deadline": "2016-07-01T22:00:00Z",
        "team_registration_link": "https://www.eventbrite.com/e/summer-2016-georgia-tech-capstone-design-expo-registration-26071058237",
        "eventbrite_team_id": "26071058237",
        "team_checkin_start": "2016-07-26T17:00:00Z",
        "team_checkin_end": "2016-07-26T20:00:00Z",
        "allow_judge_check_in": true,
        "judging_start": "2016-07-26T20:30:00Z",
        "judging_close": "2016-07-26T21:45:00Z",
        "judge_registration_link": "https://www.eventbrite.com/e/summer-2016-georgia-tech-capstone-design-expo-registration-26071058237",
        "eventbrite_judge_id": "26071058237",
        "judge_group_size": 1
    }
},
{
    "model": "expo.expo",
    "pk": 3,
    "fields": {
        "year": "2016",
        "term": "fall",
        "is_current": false,
        "date": "2016-12-06",
        "registration_start": "2016-09-07T18:32:10Z",
        "registration_deadline": "2016-09-07T22:00:00Z",
        "team_registration_link": "https://www.eventbrite.com/e/fall-2016-capstone-design-expo-student-registration-registration-28320233581",
        "eventbrite_team_id": "28320233581",
        "team_checkin_start": "2016-12-06T17:00:00Z",
        "team_checkin_end": "2016-12-06T21:00:00Z",
        "allow_judge_check_in": false,
        "judging_start": "2016-12-06T21:30:00Z",
        "judging_close": "2016-12-07T00:00:00Z",
        "judge_registration_link": "https://www.eventbrite.com/e/fall-2016-georgia-tech-capstone-design-expo-for-judgesvisitors-registration-27461068796",
        "eventbrite_judge_id": "27461068796",
        "judge_group_size": 2
    }
},
{
    "model": "expo.expo",
    "pk": 4,
    "fields": {
        "year": "2015",
        "term": "fall",
        "is_current": false,
        "date": "2016-12-02",
        "registration_start": "2016-12-01T22:04:37Z",
        "registration_deadline": "2016-12-01T22:04:38Z",
        "team_registration_link": "http://example.com/",
        "eventbrite_team_id": "",
        "team_checkin_start": "2016-12-01T22:04:49Z",
        "team_checkin_end": "2016-12-01T22:04:50Z",
        "allow_judge_check_in": true,
        "judging_start": "2016-12-02T22:00:00Z",
        "judging_close": "2016-12-03T01:00:00Z",
        "judge_registration_link": "http://example.com/",
        "eventbrite_judge_id": "",
        "judge_group_size": 2
    }
},
{
    "model": "expo.expo",
    "pk": 5,
    "fields": {
        "year": "2017",
        "term": "spring",
        "is_current": true,
        "date": "2017-04-25",
        "registration_start": "2017-02-15T05:00:00Z",
        "registration_deadline": "2017-04-01T03:59:59Z",
        "team_registration_link": "http://expo.gatech.edu/login/",
        "eventbrite_team_id": "",
        "team_checkin_start": "2017-04-25T16:00:00Z",
        "team_checkin_end": "2017-04-25T20:00:00Z",
        "allow_judge_check_in": true,
        "judging_start": "2017-04-25T20:30:00Z",
        "judging_close": "2017-04-25T23:00:00Z",
        "judge_registration_link": "https://www.eventbrite.com/e/spring-2017-georgia-tech-capstone-design-expo-for-judgesvisitors-registration-30338367875",
        "eventbrite_judge_id": "",
        "judge_group_size": 1
    }
}
]
