[
{
    "model": "flatpages.flatpage",
    "pk": 1,
    "fields": {
        "url": "/about/",
        "title": "About",
        "content": "<p>Capstone Design is a culminating course offered to undergraduate students in several disciplines at the Georgia Institute of Technology. Students work in teams to design, build, and test prototypes with real world applications. At the end of each semester, students showcase their efforts at the &quot;Capstone Design Expo&quot;.</p>\r\n\r\n<p>The Capstone Design course provides students the opportunity to work with real-world, open-ended, interdisciplinary challenges proposed by industrial and research project sponsors. They learn and apply the engineering design process: defining functional requirements, conceptualization, analysis, identifying risks and countermeasures, selection, and physical prototyping.</p>\r\n\r\n<p>Student teams design and build working, physical prototypes to validate their solutions. By working in teams they develop leadership skills and group dynamics; dealing with scheduling conflicts, meeting weekly deliverables and deadlines; and communication among team members, project sponsors, and course instructors.</p>\r\n\r\n<p>Teams attend lectures given by experts from Industry and Academia on topics including industrial design, manufacturing, market research and marketing, intellectual property, company formation, codes and standards, and ethics.</p>\r\n\r\n<p>At the end of the semester, student teams display and pitch their inventions and marketability to a panel of judges, invited guests, media, and their peers, while competing for cash prizes. This is an excellent opportunity for sponsors to see how their project was conceptualized by the teams at the expo.</p>",
        "enable_comments": false,
        "template_name": "flatpages/about.html",
        "registration_required": false,
        "sites": [
            1
        ]
    }
},
{
    "model": "flatpages.flatpage",
    "pk": 2,
    "fields": {
        "url": "/map/",
        "title": "Expo Map",
        "content": "<h4>For parking information, please check <a href=\"/schedule/#parking-info\">here</a>. The map below shows the locations of teams at the Expo venue (McCamish Pavilion).</h4>\r\n\r\n<h4>Table numbers for teams can be found in the <a href=\"/projects/\">Projects tab</a>.</h4>\r\n\r\n<p><img alt=\"team map\" class=\"img-responsive\" src=\"http://pwp.gatech.edu/expo/wp-content/uploads/sites/210/2016/11/Expo_layout.jpg\" style=\"height:758px; margin:auto; width:724px\" />&nbsp;</p>",
        "enable_comments": false,
        "template_name": "flatpages/map.html",
        "registration_required": false,
        "sites": [
            1
        ]
    }
},
{
    "model": "flatpages.flatpage",
    "pk": 3,
    "fields": {
        "url": "/schedule/",
        "title": "Schedule",
        "content": "<div>\r\n<h1>Schedule</h1>\r\n\r\n<div>\r\n<p>The upcoming Expo is on Tuesday, April 25th, 2017 at the Georgia Tech McCamish Pavilion.</p>\r\n\r\n<table border=\"0\" cellpadding=\"0\" cellspacing=\"0\">\r\n\t<tbody>\r\n\t\t<tr>\r\n\t\t\t<td>&nbsp;3:00 PM &ndash; 4:00 PM &nbsp;&nbsp;</td>\r\n\t\t\t<td>Invention Studio Open House &ndash; Pre-Registered Participants Only</td>\r\n\t\t</tr>\r\n\t\t<tr>\r\n\t\t\t<td>&nbsp;4:30 PM</td>\r\n\t\t\t<td>Expo open to public</td>\r\n\t\t</tr>\r\n\t\t<tr>\r\n\t\t\t<td>&nbsp;5:00 PM &ndash; 5:30 PM</td>\r\n\t\t\t<td>Judges&rsquo; briefing (McCamish Pavilion)</td>\r\n\t\t</tr>\r\n\t\t<tr>\r\n\t\t\t<td>&nbsp;7:00 PM</td>\r\n\t\t\t<td>Judging Ends</td>\r\n\t\t</tr>\r\n\t\t<tr>\r\n\t\t\t<td>&nbsp;7:00 PM &ndash; 7:30&nbsp;PM</td>\r\n\t\t\t<td>Transition to Awards Ceremony</td>\r\n\t\t</tr>\r\n\t\t<tr>\r\n\t\t\t<td>&nbsp;7:30 PM &ndash; 8:00 PM</td>\r\n\t\t\t<td>Awards Ceremony</td>\r\n\t\t</tr>\r\n\t\t<tr>\r\n\t\t\t<td>&nbsp;8:00 PM</td>\r\n\t\t\t<td>Event Ends</td>\r\n\t\t</tr>\r\n\t</tbody>\r\n</table>\r\n\r\n<h2>Parking</h2>\r\n</div>\r\n</div>\r\n\r\n<div>\r\n<div>\r\n<p><span style=\"color:#FF0000\">Parking is not available at the expo venue (McCamish Pavilion, 965 Fowler Street NW). Please read below to determine your best&nbsp;parking option.&nbsp;</span></p>\r\n\r\n<p><strong>Registered Judges</strong>&nbsp;(not taking tour of the Invention Studio): Parking will be available after 4:00pm at lot&nbsp;<a href=\"https://goo.gl/maps/JHhpeRfGQu42\" target=\"_blank\">ER66</a>, 245 10th Street NW which is within walking distance from the McCamish Pavilion. Overflow parking will be available at Lot&nbsp;<a href=\"https://goo.gl/maps/2g6roRzQAL72\" target=\"_blank\">W23</a>, 911 State Street NW. <u>Parking passes will be sent to registered judges via email</u> a week prior to the event. Special trolleys will shuttle between the parking lots and the McCamish Pavilion.</p>\r\n\r\n<p><strong>Registered Invention Studio Tour visitors</strong>: Tours will begin sharply at 3:00 p.m. in the Manufacturing &amp; Related Disciplines Complex (MRDC). The Invention Studio&nbsp;is located on the 2nd&nbsp;floor of the building near room #2211. Park in Lot&nbsp;<a href=\"https://goo.gl/maps/1imdS4V77ym\">W21</a>, 345 Ferst Drive NW (anytime after&nbsp;2:00pm). Please check this link for walking&nbsp;directions from lot W21 to the MRDC building:&nbsp;<a href=\"https://goo.gl/maps/5AubVNvGbdM2\">https://goo.gl/maps/5AubVNvGbdM2</a>. Overflow parking is available at Lot&nbsp;<a href=\"https://goo.gl/maps/7WBpgBtceZU2\" target=\"_blank\">W23</a>, 911 State Street NW. <u>Parking passes will be sent to registered tour visitors via email</u> a week prior to the event.</p>\r\n\r\n<p><strong>All other&nbsp;visitors:&nbsp;</strong>Parking spaces are available for visitors (non-registered judges) at the following locations:</p>\r\n\r\n<p>-&nbsp;<a href=\"https://goo.gl/maps/2g6roRzQAL72\" target=\"_blank\">Lot W23</a>, 911 State Street NW after 4:00pm and&nbsp;<a href=\"https://www.google.com/maps/place/Peters+Parking+Deck/@33.7755416,-84.3936613,15z/data=!4m5!3m4!1s0x0:0x2cdd8074b9c5d2c9!8m2!3d33.7755416!4d-84.3936613\" target=\"_blank\">Lot&nbsp;</a><a href=\"https://goo.gl/maps/JHhpeRfGQu42\" target=\"_blank\">ER66</a>, 245 10th Street NW after 5:00pm</p>\r\n\r\n<p>Trolleys will be available starting at&nbsp;3:30 pm&nbsp;to pick up/drop off guests between all the above parking locations and the McCamish Pavilion.</p>\r\n</div>\r\n</div>",
        "enable_comments": false,
        "template_name": "flatpages/schedule.html",
        "registration_required": false,
        "sites": [
            1
        ]
    }
},
{
    "model": "flatpages.flatpage",
    "pk": 4,
    "fields": {
        "url": "/",
        "title": "Georgia Tech Capstone Design Expo",
        "content": "<p>The Capstone Design Expo is a showcase of Georgia Tech&rsquo;s graduating seniors as they present their innovations designed and built during the Capstone Design Course.&nbsp;Capstone Design is a series of courses offered to undergraduate students from all disciplines at the Georgia Institute of Technology. Students work in teams to design, build, and test prototypes with real world applications. At the end of each semester, students showcase their efforts at the Capstone Design Expo.</p>\r\n\r\n<p><strong>The upcoming Capstone Design Expo will be held on April 25th, 2017.</strong></p>",
        "enable_comments": false,
        "template_name": "flatpages/index.html",
        "registration_required": false,
        "sites": [
            1
        ]
    }
}
]
