[
{
    "model": "expo.major",
    "pk": 1,
    "fields": {
        "code": "AE",
        "name": "Aerospace Engineering"
    }
},
{
    "model": "expo.major",
    "pk": 2,
    "fields": {
        "code": "BME",
        "name": "Biomedical Engineering"
    }
},
{
    "model": "expo.major",
    "pk": 3,
    "fields": {
        "code": "CE",
        "name": "Civil Engineering"
    }
},
{
    "model": "expo.major",
    "pk": 4,
    "fields": {
        "code": "ENVE",
        "name": "Environmental Engineering"
    }
},
{
    "model": "expo.major",
    "pk": 5,
    "fields": {
        "code": "EE",
        "name": "Electrical Engineering"
    }
},
{
    "model": "expo.major",
    "pk": 6,
    "fields": {
        "code": "COMPE",
        "name": "Computer Engineering"
    }
},
{
    "model": "expo.major",
    "pk": 7,
    "fields": {
        "code": "ID",
        "name": "Industrial Design"
    }
},
{
    "model": "expo.major",
    "pk": 8,
    "fields": {
        "code": "ISYE",
        "name": "Industrial and Systems Engineering"
    }
},
{
    "model": "expo.major",
    "pk": 9,
    "fields": {
        "code": "ME",
        "name": "Mechanical Engineering"
    }
},
{
    "model": "expo.major",
    "pk": 10,
    "fields": {
        "code": "MSE",
        "name": "Materials Science and Engineering"
    }
},
{
    "model": "expo.major",
    "pk": 11,
    "fields": {
        "code": "NRE",
        "name": "Nuclear and Radiological Engineering"
    }
},
{
    "model": "expo.major",
    "pk": 12,
    "fields": {
        "code": "PUBP",
        "name": "Public Policy"
    }
},
{
    "model": "expo.major",
    "pk": 13,
    "fields": {
        "code": "ARCH",
        "name": "Architecture"
    }
}
]
